﻿{"appName":"TagSpaces","appVersion":"5.6.2","description":"","lastUpdated":1701641854985,"tags":[{"title":"logo","color":"#61DD61","textcolor":"white","type":"sidecar"},{"title":"videojuego","color":"#61DD61","textcolor":"white","type":"sidecar"},{"title":"empresa","color":"#61DD61","textcolor":"white","type":"sidecar"},{"title":"ai","color":"#61DD61","textcolor":"white","type":"sidecar"},{"title":"svg","color":"#61DD61","textcolor":"white","type":"sidecar"},{"title":"02","color":"#61DD61","textcolor":"white","type":"sidecar"}],"id":"cc0d3781cd384031aa531d5b45dba351"}