﻿{"appName":"TagSpaces","appVersion":"5.6.2","description":"","lastUpdated":1701641836166,"tags":[{"title":"foto","color":"#61DD61","textcolor":"white","type":"sidecar"},{"title":"ai","color":"#61DD61","textcolor":"white","type":"sidecar"},{"title":"imagen","color":"#61DD61","textcolor":"white","type":"sidecar"},{"title":"mockupimagen","color":"#61DD61","textcolor":"white","type":"sidecar"},{"title":"svg","color":"#61DD61","textcolor":"white","type":"sidecar"},{"title":"02","color":"#61DD61","textcolor":"white","type":"sidecar"}],"id":"4eb79e8f68bc4aaa9f0f5e4e98134b94"}