﻿{"appName":"TagSpaces","appVersion":"5.6.2","description":"","lastUpdated":1701641751944,"tags":[{"title":"tareaevaluativa","color":"#61DD61","textcolor":"white","type":"sidecar"},{"title":"01","color":"#61DD61","textcolor":"white","type":"sidecar"},{"title":"pdf","color":"#61DD61","textcolor":"white","type":"sidecar"},{"title":"mockupmenuprincipal","color":"#61DD61","textcolor":"white","type":"sidecar"},{"title":"videojuegomockup","color":"#61DD61","textcolor":"white","type":"sidecar"},{"title":"mockup","color":"#61DD61","textcolor":"white","type":"sidecar"}],"id":"830b2ea15b0540eb87d7c946eee8ac9c"}